id;table_name;table_comment;sub_table_name;sub_table_fk_name;class_name;tpl_category;pack_age_name;module_name;business_name;function_name;function_author;gen_type;gen_path;options;create_by;create_time;update_by;up_local_date;remark
1;Developer;SMS;Face to face;Integration;Outdoors;IB virtual generating;Martinique;Home;customized systematic;Pizza;Awesome Steel Cheese microchip Bahrain;Cotton Soft;Massachusetts Home Loan Account revolutionary;Small Sports;compelling non-volatile;2021-08-16;COM Small Swaziland;2021-08-16;../fake-data/blob/hipster.txt
2;Tasty optical Montserrat;portal Berkshire Pound Sterling;systems Democratic People's Republic of Korea;override Bahamian Dollar Handcrafted Steel Tuna;New York;Plastic Checking Account grow;Global Beauty Global;RSS solutions;Proactive wireless;Public-key systemic;Berkshire Books;HTTP Rustic;Specialist Movies deposit;Mali;Brazil payment hacking;2021-08-16;quantify;2021-08-16;../fake-data/blob/hipster.txt
3;Angola Books;Plastic;Configurable Ball GB;explicit logistical Norway;solid state;Nebraska Investor Pants;Jewelery interface;Investment Account;Gloves Investment Account Incredible;Optimization Nebraska analyzer;Incredible Cotton Chair;budgetary management;Outdoors action-items;4th generation panel;Wisconsin New Jersey fuchsia;2021-08-16;Chief;2021-08-16;../fake-data/blob/hipster.txt
4;Auto Loan Account Internal Associate;generating payment Mouse;Mouse;leverage parse;Avon Concrete local area network;Cordoba Oro Tools;architecture Handcrafted Granite Table SAS;Operative SCSI array;synthesize Granite;Handcrafted Metal Keyboard Monaco;Fish technologies;Ball scalable;Small Home Investor;client-driven alarm Kwanza;Credit Card Account Pike;2021-08-16;vertical Personal Loan Account Small;2021-08-16;../fake-data/blob/hipster.txt
5;Clothing Specialist SSL;Virginia Dynamic;solid state Interactions;connect composite;Table;Sausages;Russian Ruble Springs Bouvet Island (Bouvetoya);ADP channels;Open-source;Buckinghamshire disintermediate;Practical Fresh Bacon;disintermediate Minnesota Handmade;payment invoice;networks;Money Market Account;2021-08-16;gold Steel;2021-08-16;../fake-data/blob/hipster.txt
6;Solomon Islands Unions;override Glen;Connecticut;invoice Wooden;Metical synergize Future;EXE Tasty distributed;Cambridgeshire Credit Card Account Auto Loan Account;Refined Cotton Chair Baby XML;methodologies backing up neural;TCP;Alaska Gloves;Palladium Maine Freeway;web-enabled digital;optical program;Valleys systematic;2021-08-16;transmitter e-enable revolutionize;2021-08-16;../fake-data/blob/hipster.txt
7;wireless Street Syrian Pound;array;parsing;Investment Account;gold;Soap Reactive Auto Loan Account;user-facing;Colorado e-tailers Shirt;Multi-tiered;Manager Usability;Brand;digital;primary salmon;Lead bypass;parse Intelligent;2021-08-16;global Ford structure;2021-08-16;../fake-data/blob/hipster.txt
8;protocol Car Table;Supervisor;exploit Malta Refined Steel Salad;clear-thinking;deposit;Movies Clothing;Montserrat Operations;integrate multi-byte;Unbranded;withdrawal Drives;Union Enhanced ADP;Mountains Trail;Antigua and Barbuda Ohio monetize;virtual;methodologies National;2021-08-16;Corporate niches Argentine Peso;2021-08-16;../fake-data/blob/hipster.txt
9;grey;Egyptian Pound Wooden Chicken;connect PNG Buckinghamshire;Haiti;help-desk Tools Regional;Compatible Personal Loan Account Senior;pink e-markets even-keeled;Orchestrator online;Incredible Granite Salad Dynamic transparent;local Idaho Bedfordshire;Industrial Open-source Representative;Point;Bike intuitive indexing;Avon TCP;Iowa Refined Soft Gloves Future;2021-08-16;Liaison Pre-emptive Buckinghamshire;2021-08-16;../fake-data/blob/hipster.txt
10;attitude-oriented Borders;Avon;Handmade Pants Cheese;Togo Customer Associate;Metal;Central;payment Riel Buckinghamshire;Frozen Mouse interfaces;synthesize;Armenian Dram Legacy;red invoice interface;empowering withdrawal reboot;internet solution relationships deliver;Forward;Outdoors Music Liaison;2021-08-17;Ergonomic Colorado;2021-08-16;../fake-data/blob/hipster.txt
