id;config_name;config_key;config_value;config_type;create_by;create_time;update_by;up_local_date;remark
1;Games Bedfordshire;Metrics Licensed Wooden Towels;Mobility Washington;Shoes;Executive Industrial Awesome Steel Salad;2021-08-16;Practical Fresh Car;2021-08-16;../fake-data/blob/hipster.txt
2;Berkshire;Cambridgeshire;Research;green;program Intelligent Cotton Pants;2021-08-16;Proactive Forint;2021-08-16;../fake-data/blob/hipster.txt
3;compressing Investment Account Guyana Dollar;Representative Orchestrator Producer;redundant;Devolved green Checking Account;solid state Music;2021-08-16;Isle of Man;2021-08-16;../fake-data/blob/hipster.txt
4;calculating;Personal Loan Account;Ghana Senior capacity;salmon multi-byte multi-tasking;port enhance synthesize;2021-08-16;International;2021-08-16;../fake-data/blob/hipster.txt
5;1080p Customer;National bifurcated;pink Mall distributed;transmitting;parsing;2021-08-16;engineer Morocco time-frame;2021-08-16;../fake-data/blob/hipster.txt
6;turn-key Credit Card Account;override Global;Awesome deliverables;reboot content-based Garden;New Leu Auto Loan Account;2021-08-16;Product Pa'anga;2021-08-17;../fake-data/blob/hipster.txt
7;Maryland;service-desk Unbranded;Gorgeous CSS;Handcrafted Soft Shoes Brazil transmitting;Texas Computers Saint Helena Pound;2021-08-16;SMTP Savings Account;2021-08-17;../fake-data/blob/hipster.txt
8;Cambridgeshire Programmable;Reactive Connecticut;throughput transitional end-to-end;Saint Lucia;Synergistic Missouri function;2021-08-16;Turkmenistan;2021-08-16;../fake-data/blob/hipster.txt
9;Frozen;Glens;Credit Card Account;Central Cloned killer;Rustic web-enabled;2021-08-16;Balboa US Dollar protocol;2021-08-16;../fake-data/blob/hipster.txt
10;Movies payment holistic;bypassing Jewelery;driver Avon Secured;analyzer Sleek;system engine Rustic;2021-08-16;Savings Account Upgradable;2021-08-17;../fake-data/blob/hipster.txt
