id;job_name;job_group;invoke_target;cron_expression;misfire_policy;status;create_by;create_time;update_by;up_local_date;remark
1;Chief backing up;SSL bypassing;West Virginia British Indian Ocean Territory (Chagos Archipelago) San Marino;Public-key Iowa silver;Rand Loti backing up;Creative deposit;Liechtenstein input;2021-08-16;payment;2021-08-16;../fake-data/blob/hipster.txt
2;compress approach;pixel dedicated;Administrator Wooden Bedfordshire;Rhode Island Uganda Shilling Decentralized;Maine;Implementation hacking Colorado;yellow Tools;2021-08-16;synergistic value-added Ways;2021-08-16;../fake-data/blob/hipster.txt
3;olive Saudi Riyal Chad;methodologies support matrices;Singapore Dollar;open architecture;installation Savings Account Producer;Bermudian Dollar (customarily known as Bermuda Dollar) Customer;salmon impactful Lesotho;2021-08-16;analyzer deliver;2021-08-17;../fake-data/blob/hipster.txt
4;Small Fresh Shirt;Representative;transform generate;Architect;Human Shoes virtual;Grenada;mobile COM Tennessee;2021-08-16;neural TCP;2021-08-16;../fake-data/blob/hipster.txt
5;bleeding-edge Administrator Cross-platform;innovative indexing;Kids;Chicken needs-based Communications;bus deposit;Heights payment;Personal Loan Account intranet Rustic;2021-08-16;lime;2021-08-17;../fake-data/blob/hipster.txt
6;Serbia;Licensed Sleek;generate;Burgs;definition;Colorado;Executive SMS payment;2021-08-16;Avon integrated solution-oriented;2021-08-16;../fake-data/blob/hipster.txt
7;invoice parsing French Guiana;Seychelles;Locks backing up payment;Jordanian Dinar withdrawal Mongolia;Polarised;Florida Designer;back up;2021-08-16;Tools Granite;2021-08-16;../fake-data/blob/hipster.txt
8;paradigms;Home Home Loan Account;Key Home Loan Account;Intelligent Kip;Auto Loan Account;Division Reverse-engineered;Auto Loan Account;2021-08-16;cross-platform;2021-08-16;../fake-data/blob/hipster.txt
9;Cotton Leone Quality;partnerships local area network payment;end-to-end quantify Dobra;Plastic;Investment Account reboot;methodologies Frozen Avon;Consultant;2021-08-16;Dynamic Universal transparent;2021-08-16;../fake-data/blob/hipster.txt
10;Rustic even-keeled;Analyst 1080p;SDD generate Investment Account;enterprise Architect Lead;Rubber extend USB;infrastructure Buckinghamshire;copy Plastic synergize;2021-08-16;maximize;2021-08-17;../fake-data/blob/hipster.txt
