id;job_name;job_group;invoke_target;status;exception_info;create_time
1;Small;quantifying SMS Jewelery;Lari sky blue;Antigua and Barbuda Lead synthesize;implement structure synergize;2021-08-16
2;Borders;Lane Forward overriding;cross-platform Cheese;virtual Lempira Markets;executive Garden local area network;2021-08-16
3;Open-source blue technologies;Outdoors;Lakes generate Shoes;infrastructure local area network Licensed;Junctions;2021-08-16
4;parse;Intelligent Berkshire Forint;payment;Chicken;Branding Gibraltar Pound;2021-08-16
5;Tuna Minnesota facilitate;silver New Israeli Sheqel Team-oriented;Dynamic Chad;Mountains bus;bypass;2021-08-16
6;salmon project eco-centric;transition synthesizing Savings Account;brand parsing driver;deposit Unbranded Metal Table;Vista Monitored Incredible;2021-08-16
7;online Bolivia;Generic Rubber Pants Plaza;Money Market Account Borders compress;framework Iowa Idaho;Steel XSS quantifying;2021-08-17
8;Supervisor matrix;optical;Reverse-engineered;Investment Account convergence;navigating panel Iceland Krona;2021-08-17
9;invoice Avon HDD;SDD;Money Market Account Auto Loan Account;Handcrafted Concrete Pants Practical Metal Hat;Tennessee quantify grey;2021-08-16
10;robust;payment;mobile Rustic panel;Buckinghamshire Assimilated orchestrate;generating;2021-08-16
