id;post_code;post_name;post_sort;status;create_by;create_time;update_by;up_local_date;remark
1;31776-5069;Lesotho;57476;reintermediate connecting;Ball logistical;2021-08-16;Principal Hat;2021-08-16;../fake-data/blob/hipster.txt
2;48700;Tajikistan Cayman Islands Dollar;89981;panel Vanuatu;maroon;2021-08-16;HTTP;2021-08-16;../fake-data/blob/hipster.txt
3;32479-7828;Fantastic Granite Fish Strategist Generic;57768;SSL front-end;deposit optimal;2021-08-16;Colorado mint green;2021-08-16;../fake-data/blob/hipster.txt
4;20385-7551;SCSI;77106;Engineer orange;Outdoors Gourde US Dollar mesh;2021-08-16;enhance Small Tools;2021-08-16;../fake-data/blob/hipster.txt
5;94426-1985;Handcrafted Metal Table;24676;firmware;concept;2021-08-16;Idaho Avon clicks-and-mortar;2021-08-16;../fake-data/blob/hipster.txt
6;38004-4175;Fantastic service-desk;21843;transmitter matrix;Developer ROI;2021-08-16;Fresh end-to-end;2021-08-16;../fake-data/blob/hipster.txt
7;52401;Pakistan Rupee;64580;invoice Savings Account;synthesize;2021-08-16;Pine program;2021-08-16;../fake-data/blob/hipster.txt
8;22639-6311;Awesome North Carolina;41648;Italy overriding;Ball;2021-08-16;Checking Account copying;2021-08-16;../fake-data/blob/hipster.txt
9;25047;Practical;40518;wireless;Strategist;2021-08-16;Ergonomic Reduced Avon;2021-08-16;../fake-data/blob/hipster.txt
10;07221;SMTP array Checking Account;65622;Rand;Books synthesize backing up;2021-08-16;Wooden;2021-08-16;../fake-data/blob/hipster.txt
